weakness,zp_skill,reports,disclosed_bounty,bounty_pct,share_2014_2020_pct,share_2023_2026_pct,trend_pts
Information Disclosure,zp-info-disclosure,1378,630,46,11.93,8.07,-3.87
Cross-site Scripting (XSS) - Generic,zp-xss,921,441,48,10.76,1.5,-9.26
Violation of Secure Design Principles,zp-business-logic,767,279,36,8.58,1.62,-6.96
Improper Access Control - Generic,zp-authz,734,384,52,3.34,10.95,7.62
Improper Authentication - Generic,zp-jwt-oauth,718,361,50,6.93,3.52,-3.41
Cross-site Scripting (XSS) - Reflected,zp-xss,641,250,39,3.72,6.25,2.53
Cross-site Scripting (XSS) - Stored,zp-xss,585,339,58,4.48,3.68,-0.81
Uncontrolled Resource Consumption,zp-rate-limit,516,281,54,4.28,3.8,-0.48
Cross-Site Request Forgery (CSRF),zp-csrf,488,243,50,4.95,1.66,-3.29
Privilege Escalation,zp-authz,417,255,61,3.36,2.45,-0.91
Business Logic Errors,zp-business-logic,378,188,50,2.29,3.88,1.58
Insecure Direct Object Reference (IDOR),zp-idor,329,188,57,1.73,4.51,2.78
Code Injection,zp-rce-ssti,326,168,52,2.65,2.1,-0.55
Memory Corruption - Generic,NONE-gap,313,258,82,3.85,0.32,-3.53
Open Redirect,zp-open-redirect,311,151,49,2.88,1.15,-1.73
SQL Injection,zp-sqli,294,126,43,2.27,2.17,-0.09
Server-Side Request Forgery (SSRF),zp-ssrf,269,150,56,1.8,2.37,0.58
Path Traversal,zp-xxe-lfi,245,83,34,1.6,2.65,1.04
Command Injection - Generic,zp-rce-ssti,225,109,48,2.2,1.15,-1.06
Cryptographic Issues - Generic,zp-tls,177,66,37,1.95,0.51,-1.43
Cross-site Scripting (XSS) - DOM,zp-xss,162,101,62,1.25,1.07,-0.18
UI Redressing (Clickjacking),zp-csrf,131,39,30,1.39,0.12,-1.27
Improper Restriction of Authentication Attempts,zp-rate-limit,117,62,53,0.7,0.91,0.21
Misconfiguration,zp-info-disclosure,90,51,57,0.17,1.62,1.46
Privacy Violation,zp-info-disclosure,81,48,59,0.6,0.51,-0.08
Cleartext Storage of Sensitive Information,zp-info-disclosure,76,25,33,0.36,0.67,0.32
Use After Free,NONE-gap,73,29,40,0.36,1.5,1.15
Improper Input Validation,zp-exceptional,70,35,50,0.23,1.27,1.04
HTTP Request Smuggling,zp-smuggling,66,33,50,0.32,0.79,0.47
OS Command Injection,zp-rce-ssti,66,18,27,0.37,0.79,0.42
CRLF Injection,zp-semantic-confusion,65,22,34,0.34,1.11,0.76
Buffer Over-read,NONE-gap,57,36,63,0.37,0.59,0.22
Classic Buffer Overflow,NONE-gap,56,32,57,0.33,0.51,0.18
Heap Overflow,NONE-gap,54,31,57,0.38,0.51,0.13
Deserialization of Untrusted Data,zp-rce-ssti,54,23,43,0.32,0.67,0.35
Insecure Storage of Sensitive Information,zp-info-disclosure,54,17,31,0.24,0.55,0.31
Improper Certificate Validation,zp-tls,52,15,29,0.15,1.15,0.99
Improper Authorization,zp-authz,46,31,67,0.2,0.55,0.35
Out-of-bounds Read,NONE-gap,42,17,40,0.32,0.47,0.16
Insufficiently Protected Credentials,zp-info-disclosure,42,14,33,0.18,0.55,0.38
Cleartext Transmission of Sensitive Information,zp-tls,41,19,46,0.17,0.75,0.59
Phishing,zp-open-redirect,41,14,34,0.29,0.2,-0.1
Information Exposure Through an Error Message,zp-info-disclosure,39,13,33,0.34,0.28,-0.07
Information Exposure Through Directory Listing,zp-info-disclosure,38,5,13,0.29,0.32,0.02
Insufficient Session Expiration,zp-session,37,18,49,0.19,0.28,0.09
XML External Entities (XXE),zp-xxe-lfi,35,19,54,0.31,0.2,-0.11
NULL Pointer Dereference,NONE-gap,35,20,57,0.27,0.47,0.21
Resource Injection,zp-ssrf,35,20,57,0.15,0.47,0.32
Stack Overflow,NONE-gap,31,15,48,0.18,0.51,0.34
Information Exposure Through Debug Information,zp-info-disclosure,30,12,40,0.18,0.28,0.1
Man-in-the-Middle,zp-tls,30,9,30,0.27,0.12,-0.15
Integer Overflow,NONE-gap,28,4,14,0.08,0.59,0.52
Authentication Bypass Using an Alternate Path or Channel,zp-jwt-oauth,28,15,54,0.1,0.36,0.25
Allocation of Resources Without Limits or Throttling,zp-rate-limit,27,10,37,0.01,0.83,0.82
Information Exposure Through Sent Data,zp-info-disclosure,25,4,16,0.04,0.71,0.67
Insufficient Logging,zp-info-disclosure,24,0,0,0.0,0.95,0.95
Time-of-check Time-of-use (TOCTOU) Race Condition,zp-race,22,13,59,0.08,0.47,0.4
HTTP Response Splitting,zp-smuggling,20,7,35,0.14,0.24,0.1
Modification of Assumed-Immutable Data (MAID),zp-proto-pollution,19,1,5,0.18,0.0,-0.18
Improper Neutralization of Script-Related HTML Tags in a Web Page (Basic XSS),zp-xss,18,8,44,0.03,0.4,0.37
Authentication Bypass by Primary Weakness,zp-jwt-oauth,18,0,0,0.0,0.71,0.71
Double Free,NONE-gap,17,9,53,0.06,0.28,0.21
Session Fixation,zp-session,17,9,53,0.1,0.08,-0.02
Client-Side Enforcement of Server-Side Security,zp-authz,17,11,65,0.06,0.2,0.13
Array Index Underflow,NONE-gap,17,6,35,0.09,0.28,0.19
Concurrent Execution using Shared Resource with Improper Synchronization ('Race Condition'),zp-race,17,8,47,0.1,0.28,0.17
Remote File Inclusion,zp-xxe-lfi,16,5,31,0.11,0.16,0.04
Incorrect Authorization,zp-authz,15,6,40,0.06,0.32,0.25
